gardiner_num,hieroglyph,description,details,is_priority
A1,𓀀,Seated man,"Det. of man, names; Pronoun1st sing. i, wi, ink, kwi. “I,” “me,” “my.”",TRUE
A2,𓀁,Man with hand to mouth,"Det. of eat, drink, speak, think.",TRUE
A3,𓀂,Man sitting on heel,Det. of sit.,
A4,𓀃,Man with arms raised,"Det. adoration, hide",
A5,𓀄,Man hiding,Det. hide,
A5a,𓀅,,,
A6,𓀆,Man purifying,"Det. purity, cleanliness",
A6a,𓀇,,,
A6b,𓀈,,,
A7,𓀉,Fatigued man,"Det. weary, weak",
A8,𓀊,Man performing hnw,Det. in hnw “jubilation”,
A9,𓀋,Man with basket on head,"Det. in 3ṯp “load,” f3i “carry,” k3t “work.”",
A10,𓀌,Man holding an oar,Det. in sḳdw “sail.”,
A11,𓀍,Man with scepter and crook,Det. ḫnms “friend.”,
A12,𓀎,Man with bow and quiver,"Det. mšʿ “army,” soldier.",
A13,𓀏,Man with arms bound,Det. ḫfty “enemy.”,
A14,𓀐,Man with bleeding head,"Det. of mwt “die,” enemy.",
A14a,𓀑,Man with axe to head,Var. of A14,
A15,𓀒,Man falling,"Det. ḫr “fall,” sḫrt “overthrow.”",
A16,𓀓,Man bowing,Det. ksi “bow.”,
A17,𓀔,Child with hand to mouth,Det. šri “young.” Ideo. ẖrd “child.”,
A17a,𓀕,Child sitting,"Det. sit, young.",
A18,𓀖,Child wearing red crown,Det. child-king,
A19,𓀗,Aged man bending with stick,"Det. i3w “old,” smsw “eldest,” wr “great one, chief.”",
A20,𓀘,Man leaning on forked stick,Var. of A19.,
A21,𓀙,Man with stick,"Det. and Ideo. sr “official, noble.”",
A22,𓀚,Statue of man with stick and scepter,Det. statue.,
A23,𓀛,King with stick and mace,"Det. ity, “sovereign.”",
A24,𓀜,Man striking with stick in both hands,"Det. ḥwi, “strike,” nḥm “take away.” Ideo. nḫt strong.",
A25,𓀝,Man striking with stick in one hand,Det. hwi “strike.”,
A26,𓀞,Man beckoning,"Det. nis “call.” Ideo. vocative i, “Oh!”",
A27,𓀟,Man running,"Phon. in “by,” agent particle.",
A28,𓀠,Man with arms raised,"Det. ḳ3 “high,” ḥʿi “rejoice.”",
A29,𓀡,Man upside down,Det. upside down.,
A30,𓀢,Man with arms outstretched,"Det. i3w “praise,” dw3 “adoration.”",
A31,𓀣,Man with arms turned behind him,Det. turn away.,
A32,𓀤,Man dancing,Det. dance.,
A33,𓀦,Man with stick and bundle,"Det. wander, herdsman.",
A34,𓀧,Man pounding in a mortar,"Det. ḫwsi “pound, build.”",
A35,𓀨,Man building a wall,Det. and Ideo. ḳd “build.”,
A36,𓀩,Man straining into a vessel,Det. and Ideo. ʿfty “brewer.”,
A37,𓀪,Commoner form A36,Use as A36.,
A38,𓀫,Man holding two animal emblems,Ideo. ḳis/ḳsi “”Cusae” (town).,
A39,𓀬,Man holding two giraffes,Use as A38.,
A40,𓀭,Seated god,"Det. god. Replaces A1 as 1st sing pronoun when god speaks. i, wi, ink, kwi.",
A40a,𓀮,,,
A41,𓀯,Seated king,"Det. nsw “king,” ḥm “majesty,” nb “lord.”",
A42,𓀰,Seated king holding flail,Use as A41.,
A42a,𓀱,,,
A43,𓀲,King wearing white crown of Upper Egypt,Det. king of Upper Egypt.,
A43a,𓀳,,,
A44,𓀴,King holding flail and wearing white crown of Upper Egypt,Use as A43.,
A45,𓀵,King wearing red crown of Lower Egypt.,Det. and Ideo. bity “king of Lower Egypt.”,
A45a,𓀶,,,
A46,𓀷,King holding flail and wearing red crown of Lower Egypt.,Same as A45,
A47,𓀸,Seated sheperd,"Det. and Ideo. s3w “guard,” mniw “herdsman.”",
A48,𓀹,Man holding knife,Det. iry “relating to.”,
A49,𓀺,Foreigner with stick,"Det. foreigner, ʿ3mw “Asiatics.”",
A50,𓀻,Noble seated on chair,"Det. revered person, deceased. Var. A1 for 1st sing. pronoun.",
A51,𓀼,Noble seated on chair with flagellum,Det. and Ideo. špsi “noble”,
A52,𓀽,Kneeling noble with flail,"Det. revered person, deceased.",
A53,𓀾,Upright mummy,"Det. mummy, statue, likeness, form.",
A54,𓀿,Recumbent mummy,Det. dead.,
A55,𓁀,Mummy on bed,"Det. sḏr “lie down,” dead.",
A59,𓁄,Man threatening stick with one hand,Det. drive off.,
B1,𓁐,Seated Woman,"Det. woman, name. Sometimes for A1 1st sing. pronoun – i",TRUE
B2,𓁑,Pregnant woman,Det. pregnant,
B3,𓁒,Woman giving birth,"Det. and Ideo. msi “give birth, bear.”",
B4,𓁓,Var. B3,Use as B3.,
B5,𓁔,Woman nursing child,Det. mnʿt “nurse.”,
B6,𓁖,Woman and seated child,Det. rnn “nurse.”,
B7,𓁗,Seated queen holding flower,Det. queens’ names.,
C1,𓁚,God with sun-disk and uraeus,"Det. and Ideo. Rʿ “Re, sun-god”",
C2,𓁜,God with falcon head and sun-disk holding ʿnḫ,"Var. C1. Det. and Ideo. Rʿ “Re, sun-god”",
C3,𓁟,God with ibis head,Det. or Ideo. ḏḥwty “Thoth”,
C4,𓁠,God with ram head,Det. or Ideo. ẖnmw “Khnum”,
C5,𓁡,God with ram head holding ʿnḫ,Use as C4.,
C6,𓁢,God with jackal head,"Det. and Ideo. inpw “Anubis,” wp-w3wt “Wepwawet.”",
C7,𓁣,God with Seth head,Det. and Ideo. Stḫ “Seth.”,
C8,𓁤,Min,Det. and Ideo. Mnw “Min.”,
C9,𓁥,Goddess with horned sun-disk,Det. and Ideo.,
C10,𓁦,God with feather,Det. and Ideo. M3ʿt “Maat”,
C10a,𓁧,Goddess with feather holding ʿnḫ,Use as C10,
C11,𓁨,ḥḥ-figure,"Ideo. ḥḥ “million,” god Heh.",
C12,𓁩,Amun,Det. and Ideo. Imn “Amun.”,
C17,𓁮,Montu,Det. and Ideo Mntw “Montu.”,
C18,𓁯,Tatjenen,Det. and Ideo. t3-ṯnnii “Tatjenen.”,
C19,𓁰,Ptah,Det. and Ideo. Ptḥ “Ptah.”,
C20,𓁱,Variant C19,Use as C19,
D1,𓁶,Head,"Phono. tp. Det. or Ideo. for tp “head,” tpy “first, chief.” Det. ḏ3ḏ3“head.”",
D2,𓁷,Face,Phon. ḥr. Ideo. for ḥr “face.”,TRUE
D3,𓁸,Hair,"Det. for šny “hair,” iwn “complexion, nature.” Abbr. for gm wš “found missing.”",
D4,𓁹,Eye,"Phono. iri “to do, make.” Ideo. for irt “eye.”",TRUE
D5,𓁺,Eye with paint,"Det. for actions or conditions of the eye. ex. dgi “look,” šp “blind.”",
D6,𓁻,Eye with paint,Use as D5.,
D7,𓁼,Eye with paint,Det. for adorn and in ʿnw ” “Anu” (location).,
D8,𓁽,Eye enclosed,"Det. forʿnw “Turah,” ʿn “beautiful.”",
D9,𓁿,Eye weeping,Det. or Ideo. for rmi “weep.”,
D10,𓂀,Eye with falcon’s head marking,Det. or Ideo. for w3ḏt “wedjat eye.”,
D11,𓂁,White part of w3ḏt eye,1/2 ḥeqat measure of grain.,
D12,𓂂,Eye pupil,Det. for ḏfd “pupil of eye.”,
D13,𓂃,Eyebrow,1/8 ḥeqat measure of grain.,
D14,𓂄,White part of w3ḏt eye,1/16 ḥeqat measure of grain.,
D15,𓂅,Part of w3ḏt eye markings,1/32 ḥeqat measure of grain.,
D16,𓂆,Part of w3ḏt eye markings,1/64 ḥeqat measure of grain.,
D17,𓂇,Markings of w3ḏt eye,"Det. or Ideo. for tit “figure, image.”",
D18,𓂈,Ear,Det. or Ideo. for msḏr “ear.”,
D19,𓂉,"Eye, nose, and cheek","Det. or Ideo. for fnd “nose.” Det. sn “smell,” rš “rejoice.”",
D20,𓂊,Var. D19,Use as D19,
D21,𓂋,Mouth,Phon. r. Ideo. for r “mouth.”,TRUE
D22,𓂌,Mouth with two lines,Ideo. for rwy “2/3.”,
D23,𓂍,Mouth with three lines,Ideo. for ḫmt rw “3/4.”,
D24,𓂎,Upper lip with teeth,Det. or Ideo. for spt “lip.” Mistakenly used a F42.,
D25,𓂏,Lips with teeth,Det. or Ideo. for spty “lips.”,
D26,𓂐,Lips spewing water,"Det. for spit, spew. ex. psg “spit,” ḳʿ “spew out.”",
D27,𓂑,Breast,"Det. for breast, suckle. ex. mnḏ “breast”",
D27a,𓂒,Var. of D27,Use as D27.,
D28,𓂓,Two arms,Phono. k3. Ideo. for k3 “soul.”,
D29,𓂔,Var. of D28,Use as D28.,
D30,𓂕,Two arms with tail,"Det. for nḥb-k3w “Uniter of Attributes, Assigner of Kas,” name of mythical serpent deity.",
D31,𓂖,Combination of signs D32 and U36,Ideo. for ḥm-k3 “ka servent.”,
D32,𓂘,Two arms embracing,"Det. for embrace, open. ex. inḳ “envelop,” ḥpt “embrace.”",
D33,𓂙,Arms holding oar,Phono. ẖn. Ideo. for ẖni “row.”,
D34,𓂚,Arms with shield and axe,Ideo. for ʿḥ3 “fight”,
D34a,𓂛,Arms with shield and mace,Use as D34.,
D35,𓂜,Negative arms,"Phono. n. Ideo. for n and nn, “not.” Det. negation.",
D21,𓂝,Arm,"Phono. ʿ. Ideo. ʿ “arm, hand.”",TRUE
D37,𓂞,Arm holding sign X8,Phono. di in rdi “give.”,TRUE
D38,𓂟,Arm holding bread,Phono. mi or m. Det. for imi “give.”,
D39,𓂠,Arm holding W24,"Det. for offer, present. ex. ḥnk “present,” drp “offer.”",
D40,𓂡,Arm holding stick,"Det. for force, effort. ex. nḫt “strong.” Ideo. h3i “evaluate.”",
D41,𓂢,Arm with downward facing palm,"Phono. ni. Det. for arm. ex. rmn “arm, shoulder.”",
D42,𓂣,Arm with downward facing palm,Det. or Ideo. for mḥ “cubit”,
D43,𓂤,Arm with flail,Phono. ḫw. Ideo. for ḫwi “protect.,
D44,𓂥,Arm with scepter,"Det. and Ideo. for ḫrp “control, be at head of, administer.”",
D45,𓂦,Arm with brush,"Det. and Ideo. for ḏsr “clear road, sacred, holy.”",
D46,𓂧,Hand,Phono. d. Ideo. for ḏrt “hand.”,TRUE
D46a,𓂨,Hand with water,Ideo. for idt “fragrance.”,
D47,𓂩,Hand,Det. for ḏrt “hand” when spelled with Phono.,
D48,𓂪,Palm without thumb,"Ideo. šsp “palm, hand-breadth” (measure)",
D49,𓂬,Fist,"Det. for grasp. ex. 3mm “grasp,” ḫfʿ “seize.”",
D50,𓂭,Vertical finger,"Ideo. for ḏbʿ “finger,” ḏbʿ “10,000.” Det. for accurate, when doubled.",
D51,𓂷,Horizontal finger,"Det. for actions related to finger, fruit, flower. ex. ʿnt “nail,” ḫ3i “measure,” dḳr “fruit.”",
D52,𓂸,Penis,"Phono. mt. Det. for male. ex. ʿ3 “ass,” ṯ3y “male.” Ideo. k3 “bull.”",
D53,𓂺,Penis with liquid,"Det. for male, penis. ex. m b3ḥ “in the presence of” ḏr b3ḥ “since,” r b3ḥ “before.”",
D54,𓂻,Legs walking,Phono. iw in iwi “come.” Det. for motion.,TRUE
D55,𓂽,Legs walking (reverse of D54),"Det. for backwards. ex. ʿnn “turn back,” ḫtḫt “be reversed.”",
D56,𓂾,Leg,"Phono. pd. Det. for leg, foot. ex. rd “leg,” pd “knee.”",
D57,𓂿,Leg with T30,Det. for mutilate. ex. i3ṯ “be mutilated.”,
D58,𓃀,Foot,Phono. b. Ideo. for bw “place.”,TRUE
D59,𓃁,Foot with D36,Phono. ʿb,
D60,𓃂,Foot with water streaming,"Ideo. for wʿb “pure, clean.”",
D61,𓃃,Toes,Ideo. for s3ḥ “toe”,
D62,𓃄,Var. D61,Use as D61.,
D63,𓃅,Var. D61,Use as D61.,
E1,𓃒,Bull,"Det. of cattle. ex. ng “bull,” mnmnt “cattle.” Ideo. in k3 “bull.”",
E2,𓃓,Bull preparing to charge,"Det. in sm3 “fighting bull.” Ideo. in k3 nḫt “victorious bull,” (epithet of Pharaoh.)",
E3,𓃔,Calf,Det. in bḥs “calf”,
E4,𓃕,Sacred cow,Det. in ḥs3t “sacred cow.”,
E5,𓃖,Cow with calf,Det. in 3ms “show solicitude.”,
E6,𓃗,Horse,Ideo. or Det. in ssmt “horse.” Det. in ibr “stallion.”,
E7,𓃘,Donkey,Det. in ʿ3 “donkey.”,
E8,𓃙,Kid,"Phon. ib, “kid.” Det. in ʿwt “flocks.”",
E9,𓃚,Newborn bubalis,Phon. iw. In iwr “conceive.”,
E10,𓃛,Ram,"Det. in b3 “ram,” ẖnmw “Khnum,”ʿwt ḥḏt “white flocks, sheep”",
E11,𓃞,Ram,Use as E10,
E12,𓃟,Pig,Det. in rri “pig.”,
E13,𓃠,Cat,Det. in miw “cat.”,
E14,𓃡,Dog,"Det. in iw “dog,” ṯsm “hound.”",
E15,𓃢,Recumbent Jackal,"Det. or Ideo. in Inpw, “Anubis.”",
E16,𓃣,Recumbent Jackal on shrine,Use as E15.,
E17,𓃥,Jackal,Det. or Ideo. in s3b “jackal” and “dignitary.”,
E18,𓃧,Jackal on standard R12,"Det. or Ideo. in Wp-w3wt “Opener of ways, Wepwawet.”",
E19,𓃨,O.K. form of last,Use as E18,
E20,𓃩,Seth animal,"Det. or Ideo. in stẖ, stš “Seth.” Det. in ẖnnw “turmoil,” sh3 “confusion.”",
E21,𓃫,Recumbent Seth animal,"Det. in nšni “storm, rage.”",
E22,𓃬,Lion,Det. or Ideo. in m3i “lion”,
E23,𓃭,Recumbent Lion,Phon. rw. Det. or Ideo. in rw “lion.”,
E24,𓃮,Panther,"Det. or Ideo. in 3by “panther, leopard.”",
E25,𓃯,Hippopotamus,"Det. in db, dib “hippopotamus.”",
E26,𓃰,Elephant,Det. 3bw “elephant.” Ideo. in 3bw “Elephantine.”,
E27,𓃱,Giraffe,Det. sr “foretell.” Det. or Ideo in mmi “giraffe.”,
E28,𓃲,Oryx,Det. in m3ḥḏ “oryx.”,
E29,𓃴,Gazelle,Det. in gḥs “gazelle.”,
E30,𓃵,Ibex,"Det. in n3w, nr3w, ni3 “ibex.”",
E31,𓃶,Goat with collar,"Det. in sʿḥ “rank, privilege.”",
E32,𓃷,Baboon,"Det. in iʿn “baboon,” ky “monkey,” qnd “furious.”",
E33,𓃸,Monkey,"Det. gf, gif “monkey.”",
E34,𓃹,Hare,Phono. wn. wnn “be.”,
F1,𓃾,Head of ox,Ideo. in offering formulas for k3 “cattle.”,
F2,𓄀,Head of charging ox,Det. in ḏnd “rage.”,
F3,𓄁,Head of hippopotamus,"Phono. 3t. Det. or Ideo. in “moment, attack.”",
F4,𓄂,Forepart of lion,"Ideo. in ḥ3t “front,” ḥ3ty “heart.”",
F5,𓄃,Head of bubalis,Phon. šs3. Det. and Ideo. in šs3 “skilled” and “prayer.”,
F6,𓄄,Forepart of bubalis,Use as F5,
F7,𓄅,Head of ram,"Det. in šft “ram’s head.” Det. or Ideo. in šfyt “worth, dignity.”",
F8,𓄆,Forepart of ram,Use as F7,
F9,𓄇,Head of leopard,Det. or Ideo. in pḥty “strength.”,
F10,𓄈,Head and neck of animal,"Det. in ḫḫ “throat,” ʿm “swallow.”",
F11,𓄉,O.K. form of F10,Use as F10,
F12,𓄊,Head and neck of jackal,Phon. wsr. Ideo in wsrt “neck.” In wsr “powerful”,
F13,𓄋,Horns of ox,"Phon. wp. Ideo. in wpt “brow, beginning.”",
F14,𓄍,Combination of F13 and M4,Ideo. wpt-rnpt “Opening of the Year.”,
F15,𓄎,Combination of F14 and N5,Use as F14,
F16,𓄏,Horn,"Phono. ʿb. Det. or Ideo. in db “horn,” ʿb “horn.” In m-ʿb “together with.”",
F17,𓄐,Combination of F16 and D60 water vessel,Det. or Ideo. in ʿbw “purification.”,
F18,𓄑,Tusk of elephant,"Phono. bḥ, ḥw. Det. and Ideo. in ibḥ “tooth.” Det. in sbḥ “cry.”",
F19,𓄒,Jawbone of ox,Det. in ʿrt “jaw.”,
F20,𓄓,Tongue,Phono. ns. In ns “tongue.” Ideo. in imy-r “overseer.”,
F21,𓄔,Ear of ox,"Phono. sḏm, idn. Det. or Ideo. in msḏr “ear. Ideo. sḏm, “hear.”",
F22,𓄖,Hindquarters of leopard or lion,"Phono. pḥ in “reach,” pḥty “strength.” Ideo. for pḥwy “end.”",
F23,𓄗,Foreleg of ox,"Det. or Ideo. in ḫpš “strong arm, leg.”",
F24,𓄘,Reverse of F23,Use as F23.,
F25,𓄙,Leg and hoof of ox,"Phono. wḥm in “hoof,” “repeat.”",
F26,𓄚,Goatskin,"Phono. ẖn. In ẖnw “interior,” ẖn “approach.”",
F27,𓄛,Cowskin,"Det. in dḥr “hide,” msk3 “skin.”",
F28,𓄜,Var. of F27,Phono. s3b.,
F29,𓄝,Combination of F28 + arrow,"Phono. st. Det. and Ideo. sti “pierce, shoot.”",
F30,𓄞,Water skin,"Phono. šd. In šdi “draw forth,” šdw “water skin.”",
F31,𓄟,Three fox skins,Phono. ms. In msi “give birth.”,
F32,𓄡,Animal belly and tail,"Phono. ẖ. Ideo. in ẖt “belly, body.”",
F33,𓄢,Tail,Phono. sd. Det. and Ideo in sd “tail.”,
F34,𓄣,Heart,Ideo. in ib “heart.” Det. of ” ḥ3ty “heart.”,
F35,𓄤,Heart and windpipe,"Phono. nfr. In nfr “good, beautiful.”",
F36,𓄥,Lung and windpipe,Phono. sm3. In sm3 “unite” and “lung.”,
F37,𓄦,Backbone and ribs,Det. or Ideo. in i3t “back.” Det. in psd “back.”,
F38,𓄨,Var. of F37,Det. in psd “back.”,
F39,𓄪,Backbone and spinal cord,Det. and Ideo. in im3ḫ “spine” and “honor.”,
F40,𓄫,Backbone and spinal cord at each end,Phono. 3w.,
F41,𓄬,Vertebrae,Det. in psd “back.”,
F42,𓄭,Rib,Phono. spr. In spr “approach.”,
F43,𓄮,Ribs,Det. in sḥpt “ribs.”,
F44,𓄯,Leg bone with meat,"Phono. iwʿ, isw. In iwʿ inherit,” siw “exchange.”",
F45,𓄰,Heifer uterus,"Det. or Ideo. in dit “vulva, cow.”",
F46,𓄲,Intestine,"Ideo. in q3b “instestine,” m-q3b “in the midst of” pḫr “turn.”",
F47,𓄴,Var. of F46,Use as F46.,
F48,𓄶,Var. of F46,Use as F46.,
F49,𓄷,Var. of F46,Use as F46.,
F50,𓄸,Combination of F46 and S29,"Phono. spḫr, “write, copy.”",
F51,𓄹,Piece of flesh,"Phono. is, ist, ws. Det. ḥʿ “flesh,” iwf “meat.”",
F52,𓄽,Excrement,Det. in ḥs “excrement.”,
G1,𓄿,Vulture,Phono. 3. In 3 “vulture.’,TRUE
G2,𓅀,Two Vultures,Phono 33. In m33 “see.”,
G3,𓅁,Combination of G1 + U1,Phono. in m3. In sm3wy “renew.”,
G4,𓅂,Buzzard,Phono. tyw.,TRUE
G5,𓅃,Falcon,Ideo. ḥrw “Horus.”,
G6,𓅄,Falcon with flail,De.t in bik “falcon.”,
G7,𓅆,Falcon on standard,"Det. imn “Amun,” nsw “king,” divine. 1st sing. pro. i, wi, with divine speaker.",
G7a,𓅇,"Var of G7, Falcon in boat",Ideo. nmty “Nemty”,
G7b,𓅈,"Var of G7, G7a",Use as G7a.,
G8,𓅉,Combination of G5 + S12,Ideo. Hr/bik nbw “Golden Horus/falcon.”,
G9,𓅊,Falcon with sun disk,Ideo. in rʿ-ḥrw-3ḫty “Re-Horakhty.”,
G10,𓅋,Falcon in sacred bark,"Det. in skr “Sokar,” ḥnw “Sokar bark.”",
G11,𓅌,Falcon image,"Det. in ʿšm, ʿẖm, ʿḫm “divine image,” šnbt “breast.”",
G12,𓅎,Falcon image with flail,Use as G11.,
G13,𓅏,Falcon image with S9,Ideo. ḥrw nḫny “Horus of Hierakonopolis.” Det. in spdw “Sopdu.”,
G14,𓅐,Vulture,"Phono. mwt, mt. In mwt “mother.”",
G15,𓅑,Vulture with flail,Det. in mwt “Mut.”,
G16,𓅒,Nehkbet and Edjo,Ideo. in nbty “Two Ladies” (title of Pharaoh),
G17,𓅓,Owl,Phono. m.,TRUE
G18,𓅔,Two Owls,Phono. mm.,
G19,𓅕,Combination of G17 + D37,"Phono. mi, m.",
G20,𓅖,Combination of G17 + D36,Use as G19.,
G21,𓅘,Guinea fowl,Phono. nḥ. In nḥḥ “eternity.”,
G22,𓅙,Hoopoe,Phono. ḏb/ḏbt.,
G23,𓅚,Lapwing,Det. and Ideo. in rḫyt “commoners.”,
G24,𓅛,Var. of G23,Use as G23.,
G25,𓅜,Crested Ibis,Phono. 3ḫ. In “spirit.”,
G26,𓅝,Sacred ibis on standard,Det. in ḏḥwty “Thoth.”,
G26a,𓅞,Sacred ibis,Use as G26.,
G27,𓅟,Flamingo,"Phono. dšr. In dšr “red,” “flamingo.”",
G28,𓅠,Black ibis,Phono. gm. In gmi “find.”,
G29,𓅡,Jabiru,Phono. b3. In “soul.”,
G30,𓅢,Three jabirus,"Ideo. in b3w “spirits, strength.”",
G31,𓅣,Heron,Det. in šnty “heron.”,
G32,𓅤,Heron on perch,Det. or Ideo. in bʿḫi “inundated.”,
G33,𓅥,Egret,Det. sd3 “tremble.”,
G34,𓅦,Ostrich,Det. in niw “ostrich.”,
G35,𓅧,Cormorant,Phono. ʿq. In ʿq “enter.”,
G36,𓅨,Swallow,Phono. wr. In wr “great.”,TRUE
G37,𓅪,Sparrow,"Det. in nḏs “small,” bin “bad.”",TRUE
G38,𓅬,Goose,"Phono. gb. In gb “Geb.” Det. in wf3 “talk,” wsf “idle,” ḥtm “perish.”",
G39,𓅭,Duck,Phono. s3. In s3 “son.” Det. in si “duck.”,
G40,𓅮,Duck flying,"Phono. p3. In p3 “the,” “fly.”",
G41,𓅯,Duck landing,"Phono. ḫn. In ḫni “alight, halt,” ḫn “speech,” qm3 “throw,” “create.”",
G42,𓅰,Fattened bird,"Det. and Ideo. in wš3 “fatten,” ḏf3w “provisions.”",
G43,𓅱,"Quail chick, var. Z7",Phono. w.,TRUE
G44,𓅳,Two quail chicks,Phono. ww. In pḥww “end.”,
G45,𓅴,Combination of G43 + D36,Phono wʿ.In wʿw “soldier.”,
G46,𓅶,Combination of G43 + U1,Phono. m3w.,
G47,𓅷,Duckling,Phono. ṯ3. In ṯ3y “male.”,
G48,𓅸,Three ducklings in nest,Ideo. in sš “nest.”,
G49,𓅹,Ducks’ heads protruding from pool,Det. or Ideo. in sš “nest.”,
G50,𓅺,Two plovers,Ideo. for rḫty “washerman.”,
G51,𓅻,Bird pecking fish,Det. in ḥ3m “catch fish.”,
G52,𓅼,Goose feeding,Det. in snm “feed.”,
G53,𓅽,Human headed bird,Ideo. in b3 “soul.”,
G54,𓅾,Plucked bird,Phono. snḏ. In snḏ “fear.”,
H1,𓅿,Head of duck,Ideo. in 3pd “bird.” Det. in wšn “wring the neck of birds.”,
H2,𓆀,Head of crested bird,"Phono. m3ʿ, wšm, p3q. Det. in m3ʿ “temple of the head,” “true.”",
H3,𓆁,Head of spoonbill,Phono. p3q.,
H4,𓆂,Head of vulture,Phono. nr. Det. in nrt “vulture.”,
H5,𓆃,Wing,Det. in ḏnḥ “wing.”,
H6,𓆄,Feather,Phono. šw. Ideo. in šwt “feather.” Det. and Ideo. in m3ʿt “truth.”,
H7,𓆆,Claw,"Phono. š3, š3t. In š3t “Shat” (location).",
H8,𓆇,Egg,Ideo. in s3 “son.” Det. sḥwt “egg.”,
I1,𓆈,Lizard,"Phono. ʿš3. Det. for lizard. ex. ʿš3 “lizard” and ʿš3 “many, numerous.”",
I2,𓆉,Turtle,Det. or Ideo. for štyw “turtle.”,
I3,𓆊,Crocodile,"Det. or Ideo. for crocodile. ex. msḥ “crocodile,” 3d “agressive.” Ideo. ity “sovereign,” when reduplicated",
I4,𓆋,Crocodile on shrine,Det. sbk “Sobek.”,
I5,𓆌,Crocodile with curved tail,"Det. in s3q “collect, gather.”",
I6,𓆎,Crocodile scales,Phono. km. In kmt “Egypt.”,
I7,𓆏,Frog,Det. in ḥqt “Heqet.” Ideo. wḥm ʿnḫ “repeating life.”,
I8,𓆐,Tadpole,"Det. ḥfnr “tadpole.” Ideo. ḥfn “100,000.”",
I9,𓆑,Horned viper,Phono. f. Det. in it “father.”,TRUE
I10,𓆓,Cobra,Phono. ḏ.,
I11,𓆕,Two cobras,Phono ḏḏ.,
I12,𓆗,Erect cobra,Det. in ʿirt “uraeus.” Det. of goddesses.,
I13,𓆘,Combination of I12 + V30,Det. in w3ḏt “Wadjet.”,
I14,𓆙,Snake,"Det. ḥf3w “snake, serpent.”",
I15,𓆚,Var. of I15,Use as I14.,
K1,𓆛,Bulti fish,Phono. in. In int “bulti.”,
K2,𓆜,Barbel fish,Phono. bw. In bwt “abomination.”,
K3,𓆝,Mullet fish,Phono. ʿḏ. In ʿḏ-mr “district administrator.”,
K4,𓆞,Oxyrhynchus fish,Phono. ẖ3. In ẖ3t “oxyrhynchus.”,
K5,𓆟,Pike fish,Phono. bs. Det. in bsi “introduce.”,
K6,𓆠,Fish scale,Det. and Ideo. in nšmt “fish scale.”,
K7,𓆡,Blowfish,Det. špt “discontented.”,
L1,𓆣,Scarab beetle,"Phono. ḫpr. In ḫpr “being, exist, become.",
L2,𓆤,Bee,Ideo. for bity “King of Lower Egypt.”,
L3,𓆦,Fly,Det. in ʿff “fly.”,
L4,𓆧,Locust,Det. in snḥm “locust.”,
L5,𓆨,Centipede,Det. sp3 “centipede.”,
L6,𓆩,Shell,Phono ḫ3. In ḫ3wt “offering table.”,
L7,𓆫,Scorpion,Det. and Ideo. in srqt “Selket.”,
M1,𓆭,Tree,"Phono. im3. Det. nhwt, mnw “trees.”",
M2,𓆰,Plant,"Phono. ḥn. In ḥni “rush,” ḥnw “vessel.” Det. in is “tomb.”",
M3,𓆱,Branch,"Phono. ḫt. In ḫt “wood,” ḫtyw “terrace,” nḫt “strong.”",
M4,𓆳,Stripped palm branch,"Ideo. in rnpt “year,” ḥsbt “regnal year.” Det. in tr “time.”",
M5,𓆴,Combination of M4 + X1,"Det. or Ideo. in tr “time, season.”",
M6,𓆵,Combination of M4 + D21,"Det. or Ideo. in tr “time, season.”",
M7,𓆶,Combination of M4 + Q3,Det. or Ideo. in rnpi “young.”,
M8,𓆷,Pool with lilies,Phono š3. In š3 “marsh.” Ideo. 3ḫt “Inundation” (season).,
M9,𓆸,Lily,Det. or Ideo in sšn “lily.”,
M10,𓆹,Lily bud,Det. in nḥbt “lily bud.”,
M11,𓆻,Flower and stem,Det. or Ideo. in wdn “offer.”,
M12,𓆼,Lily plant,"Phono. ḫ3. In ḫ3w nw sšn “lily plants” ḫ3 “1,000,” sḫ3 “remember.”",
M13,𓇅,Papyrus stem,"Phono. w3ḏ, wḏ.",
M14,𓇆,Combination of M13 and I10,Phono. w3ḏ. In w3ḏ wr “the sea.”,
M15,𓇇,Papyrus clump with downward facing buds.,Phono. 3ḫ. In 3ḫ-bit “Chemmis.” Det. of Papyrus.,
M16,𓇉,Papyrus clump,Phono. ḥ3 . In ḥ3q “capture.” Det. in “The Delta.”,
M17,𓇋,Reed leaf,"Phono. i. Phono. y, when doubled.",TRUE
M18,𓇍,Combination of M17 + D54,Phono i. In ii “come.”,
M19,𓇎,Conical cakes between signs M17 and U36,Det. and Ideo. in ʿ3bt “offering.”,
M20,𓇏,Reed field,"Det. sḫt “marshland,” sm “occupation.”",
M21,𓇐,Reed field with root,"Det. in sm “plant,” “help.”",
M22,𓇑,Rush with shoots,"Phono. nḫb . Phono. nn, when doubled. In nḫbt “germination,” “Nehkbet.”",
M23,𓇓,Sedge,Phono. sw. Ideo. nswt “king.”,
M24,𓇔,Combination of M23 + D21,Ideo. rsw “south.”,
M25,𓇖,Combination of M26 + M24,Use as M24.,
M26,𓇗,Sedge,Phono. šmʿ. Ideo. šmʿw in “Upper Egypt.”,
M27,𓇘,Combination of M26 + D36,Phono. šmʿ.,
M28,𓇙,Combination of M26 + V20,Ideo. in title wr mḏw šmʿw “Greatest of the tens of Upper Egypt.”,
M29,𓇛,Pod,Phono. nḏm. In nḏm “sweet.,
M30,𓇜,Root,Det. or Ideo. bnr “sweet.”,
M31,𓇝,Rhizome,Det. in rd “grow.”,
M32,𓇟,Var of M31,Use as M31,
M33,𓇠,Grain,"Ideo. in it “barley, corn.”",
M34,𓇣,Emmer sheaf,Det. or Ideo. in bti “emmer.”,
M35,𓇤,Grain heap,Det. in ʿḥʿw “heaps.”,
M36,𓇥,Flax bundle,"Phono. ḏr. In ḏr “since,” nḏri “hold fast.”",
M37,𓇦,Flax bundle with stems,Phono. ḏr.,
M38,𓇧,Flax bundle,"Det. in mḥʿ “flax,” dm3 “bind together.”",
M39,𓇨,Basket of fruit or grain,Det. in rnpt “vegetables.”,
M40,𓇩,Reed bundle,"Phono is. In is “tomb,” iswt “crew.”",
M41,𓇫,Wood log,Det. in ʿš “cedar.”,
M42,𓇬,Flower,"Phono. wn. In wnm “eat,” ḥwn “be young.”",
M43,𓇭,Grape vines on props,Det. or Ideo. in irp “wine.”,
M44,𓇮,Thorn,Det. spd “sharp.”,
N1,𓇯,Sky,"Det. or Ideo. pt “sky,” ḥrt “heaven,” ḥry “above.”",
N2,𓇰,Sky with broken S40,Det. or Ideo. grḥ “night.”,
N3,𓇱,Var. of N2,Use as N2.,
N4,𓇲,Sky with rain,"Det. or Ideo. šnyt “rain,” i3dt “dew.”",
N5,𓇳,Sun,"Ideo. rʿ “sun, Re” hrw “day,” sw “day.”",
N6,𓇴,Sun with uraeus,"Det. or ideo in rʿ “sun, Re.”",
N7,𓇵,Combination of N5 + T28,Det. ẖrt-hrw “daytime.”,
N8,𓇶,Sun with rays,"Phono. wbn. Det. or Ideo. 3ḫw “sunshine,” psḏ “shine,” wbn “rise.”",
N9,𓇷,Moon,Phono. psḏ. In psḏt “Ennead.”,
N10,𓇸,Var of N9,Use as N9.,
N11,𓇹,Crescent moon,Ideo. 3bd “month.” Det. iʿḥ “moon.”,
N12,𓇺,Var. of N11,Det. iʿḥ “moon.”,
N13,𓇻,Combination of half of N11 and N14,Ideo. mḏdiwnt “half month festival.”,
N14,𓇼,Star,"Phono. sb3, dw3. In sb3 “star,” dw3 “morning.” Ideo. wnwt “hour.”",
N15,𓇽,Star encircled,Ideo. in dw3t “netherworld.”,
N16,𓇾,Flat land with grain,"Phono. t3. In t3 “land, earth.”Det. in ḏt “eternity.”",
N17,𓇿,Var. of N16,Use as N16.,
N18,𓈀,Strip of sand,Ideo. in iw “island.”,
N19,𓈃,Two strips of sand,"Ideo. in 3ḫt “horizon,” ḥrw-3ḫty “Horakhty.”",
N20,𓈄,Tongue of land,Phono. wḏb. In wḏb “shore.” Det. in ḥ3b-sd “Sed Festival.”,
N21,𓈅,Tongue of land,"Ideo. in idb “bank,” idbwy “two banks.”",
N22,𓈆,Tongue of land,"Det. in ʿḥt “field,” sḫt “field.”",
N23,𓈇,Canal,"Det. in t3 “land,” i3š “boundary.”",
N24,𓈈,Irrigation canal system,Det. or Ideo. in sp3t “nome.”,
N25,𓈉,Mountain rande,"Ideo. in ḫ3st “foreign land, hill country.”",
N26,𓈋,Mountain,Phono. ḏw “mountain.”,
N27,𓈌,Sunrise over mountain,Ideo. in 3ḫt “horizon.”,
N28,𓈍,Hill with sun rays,Phono. ḫʿ. In ḫʿ “appear.”,
N29,𓈎,Sandy slope,Phono. q.,TRUE
N30,𓈏,Hill with shrubs,Det. or Ideo. in i3t “mound.”,
N31,𓈐,Road bordered by shrubs,Det. and Ideo. in w3t “road.”,
N32,𓈑,"Lump of clay, Var. Aa2 and F52.",Det. in sin “clay.”,
N33,𓈒,Grain of sand,Det. in nbw “gold.”,
N34,𓈔,Metal Ingot,"Ideo. in bi3, ḥmt “copper.”",
N35,𓈖,Water ripple,Phono. n.,TRUE
N35a,𓈗,Three ripples,Phono. mw. In mw “water.”,
N36,𓈘,Canal,Phono. mr. In mr “canal.”,
N37,𓈙,Pool,Phono. š. In š “pool.”,TRUE
N38,𓈛,Var. of N37,Use as N37.,
N39,𓈜,Var. of N37,Use as N37.,
N40,𓈝,Combination of N37 and D54,Phono. šm. In šm “to go.”,
N41,𓈞,Well with water,Phono. ḥm. In ḥmt “wife.” Det. in bi3 “copper.”,
N42,𓈟,Var. of N41,Use as N41.,
O1,𓉐,House plan,"Phono. pr. In pr “house,” pri “go.”",
O2,𓉒,Combination of O1 + T3,Ideo. in pr-ḥḏ “treasury.”,
O3,𓉓,Combination of O1 + P8 + X3 + W22,Ideo. in prt-ḫrw “invocation offering.”,
O4,𓉔,Reed shelter,Phono. h.,TRUE
O5,𓉕,Winding wall,Phono. nm. In nmi “traverse.”,
O6,𓉗,Plan of rectangular enclosure,"Ideo. in ḥwt “temple, tomb, enclosure.”",
O7,𓉞,Var of O6,Use as O6.,
O8,𓉟,Combination of O7 + O29,"Ideo. in ḥwt-ʿ3 “Great temple, enclosure.”",
O9,𓉠,Combination of O7 + O30,Ideo. in nbt-ḥyt “Nephthys.”,
O10,𓉡,Combination of O6 + G5,Ideo. in ḥwt-ḥrw “Hathor.”,
O12,𓉥,Palace with battlements,Ideo. in ʿḥ “palace.”,
O13,𓉦,Enclosure with battlements,"Det. in sbḫ “enclose,” sbḫt “gateway.”",
O14,𓉧,Var. of O13,Use as O13,
O15,𓉨,Walled enclosure with buttresses + W10 + X1,Ideo. in wsḫt “hall.”,
O16,𓉩,Gateway with serpents,"Det. or Ideo. in t3yt “curtain,” t3yty “he of the curtain” (vizier title).",
O17,𓉪,Var. of O16,Use as O16,
O18,𓉫,Shrine in profile,"Det. or Ideo. in k3r “shrine, chapel.”",
O19,𓉬,Shrine in profile with poles,Det. in pr-wr “Great House.”,
O20,𓉭,Shrine,"Det. in itrt “row of sanctuaries,” ḫm “shrine.”",
O21,𓉯,Shrine Facade,Det. or Ideo. in sḥ-nṯr “divine shrine.”,
O22,𓉱,Booth supported by pole,"Det. or Ideo. in sḥ “counsel,” “booth.”",
O23,𓉲,Double platform,Ideo. in ḥ3b-sd “Sed Festival.”,
O24,𓉳,Pyramid surrounded by wall,Det. in mr “pyramid.”,
O25,𓉴,Obelisk,Det. or Ideo. in tḫn “obelisk.”,
O26,𓉶,Stela,Det. or Ideo. in wḏ “stela.”,
O27,𓉸,Hall with columns,"Det. in ḫ3 “office,” ḫ3wy “night.”",
O28,𓉹,Column with tenon,"Phono iwn. In iwnw “Heliopolis,” iwn “column.”",
O29,𓉺,Wood column,Phono. ʿ3. In ʿ3 “great.”,
O29V,𓉼,Vertical wood column,Use as O29,
O30,𓉽,Supporting pole,Ideo. in sḫnt “support.”,
O31,𓉿,Door,"Det. in ʿ3 “door,” sn, wn “open.”",
O32,𓊀,Gateway,"Det. in sb3 “door,” sbḫt “gateway.”",
O33,𓊁,Palace or tomb facade,Det. in srḫ “banner.”,
O34,𓊃,Door bolt,Phono. s. In s “bolt.”,TRUE
O35,𓊄,Combination of O34 + D54,"Phono. s. In sbi “go,” “perish,” ms “bring.”",
O36,𓊅,Wall,Ideo. in inb “wall.”,
O37,𓊊,Falling wall,"Det. in whn “overthrow,” gs3 “tilt.”",
O38,𓊋,Corner of wall,"Ideo. in qnbt “court, corner, magistrates.”",
O39,𓊌,Stone slab,"Det. in inr “stone,” dbni “deben (weight),” ḏbt “brick.”",
O40,𓊍,Stairway,"Det. in rwd “stairwaway,” ḫtyw “terrace.”",
O41,𓊎,Double stairway,"Det. in q3y “high place,” iʿr “ascend.”",
O42,𓊏,Fence,Phono. šsp. In šsp “receive.”,
O43,𓊐,Var. of O42,Use as O42,
O44,𓊑,Min emblem,"Ideo. in i3t “rank, office.”",
O45,𓊒,Domed building,Det. or Ideo. in ipt “harim.”,
O46,𓊓,Var. of O45,Use as O45.,
O47,𓊔,Enclosed mound,Ideo. in nḫn “Hierakonpolis.”,
O48,𓊕,Var. of O47,Use as O47,
O49,𓊖,Area with crossroads,Ideo. in niwt “town.”,
O50,𓊗,Threshing floor with grain,"Phono. sp. In sp “occasion, time, event,” sp sn “two times.”",
O51,𓊚,Grain mound on mud floor,Det. or Ideo. in šnwt “granary.”,
P1,𓊛,Boat on water,"Det. of boats. In dpt “ship,” ḥʿw “ships,” ḫdi “sail downstream.”",
P1a,𓊜,Boat upside down,Det. in pnʿ “capsize.”,
P2,𓊝,Ship sailing,Det. in ḫnti “sail upstream.”,
P3,𓊞,Sacred bark,"Det. wi3 “sacred bark,” ḏ3i “cross”",
P4,𓊠,Boat with net,Phono. wḥʿ. In wḥʿ “fisherman.”,
P5,𓊡,Sail,"Det. or Ideo. in ṯ3w “wind, breath.” Det. mḥyt “north wind.”",
P6,𓊢,Mast,Phono. ʿḥʿ. In ʿḥʿ “stand.”,
P7,𓊣,Combination of P6 +D36,Use as P6.,
P8,𓊤,Oar,"Phono ḫrw. In m3ʿ ḫrw “justified” ḫrw “voice,” ḫrwy “enemy.”",
P9,𓊥,Combination of P8 + I9,"Ideo for ḫr.fy “says, said.”",
P10,𓊦,Steering oar,"Det. in ḥmw “steering oar,” ḥmy “steerer”",
P11,𓊧,Mooring post,Det. in mnit “mooring post.”,
Q1,𓊨,Seat,"Phono. st, ws. In st “seat, place,” wsir “Osiris,” ḥtm “perish.”",
Q2,𓊩,Portable seat,Phono. ws. In wsir “Osiris.”,
Q3,𓊪,Stool,Phono. p.,TRUE
Q4,𓊫,Headrest,Det. in wrs “headrest.”,
Q5,𓊬,Chest,"Det. in hn “box,” ʿfdt “chest.”",
Q6,𓊭,Coffin,"Det. or Ideo. in qrs “bury,” qrsw “coffin.”",
Q7,𓊮,Brazier with flame,"Det. of fire. In ḫt “fire,” sḏt “flame,” srf “temperature.”",
R1,𓊯,Table with jug and loaves,"Det. or Ideo. in ḫ3t, ḫ3wt “offering table.”",
R2,𓊰,Table with bread slices,Use as R1.,
R3,𓊲,Low table with Jug and loaves,Det. or Ideo. in wḥḏw “offering table.”,
R4,𓊵,Bread loaf on mat,"Phono. ḥtp. In ḥtp “altar, rest, be pleased.”",
R5,𓊶,Censer,Det. or Ideo. in k3p “fumigate.”,
R6,𓊷,Var. of R5,Use as R5,
R7,𓊸,Incense bowl,Det. or Ideo. in sntr “incense.”,
R8,𓊹,Flag,Phono. nṯr. In nṯr “god.”,
R9,𓊺,Combination of R8 + V33,Det. or Ideo. in bd “incense.”,
R10,𓊻,Combination of R8 + T28 + N29,Ideo. in ẖrt-nṯr “necropolis.”,
R11,𓊽,Reed column,"Phono. ḏd. In ḏd “stable,” ḏdw “Busiris.”",
R12,𓊾,Standard,Det. in i3t “standard.”,
R13,𓊿,Combination of G5 + R14,"Ideo. in imnt “West,” wnmi “right.”",
R14,𓋀,Var of R13,"Ideo. in imnt “West,” wnmi “right.”",
R15,𓋁,Spear as standard,"Ideo. in i3bt “East,” i3by “left.”",
R16,𓋂,Scepter with feathers,Det. or Ideo in wḫ “Qus emblem.”,
R17,𓋄,Feathered wig with pole,"Det. or Ideo. in t3-wr “This,” “nome of Abydos.”",
R18,𓋅,Var. of R17,Use as R17,
R19,𓋆,Combination of S40 + feather,Det. in w3st “Thebes.”,
R20,𓋇,Seshat emblem,Ideo. in sšt “Seshat.”,
R21,𓋈,Var. of R20,Use as R20.,
R22,𓋉,Min emblem,"Phono. ḫm. In ḫm “shrine.” With standard, Ideo. in mnw “Min.”",
R23,𓋊,Var. of R22,Use as R22,
R24,𓋋,Neith emblem,Det. in nit “Neith.”,
R25,𓋌,Var. of R24,Use as R24.,
S1,𓋑,White crown of Upper Egypt,Det. or Ideo. in ḥḏt “white crown.”,
S2,𓋒,Combination of S1 + V30,Det. or Ideo. in ḥḏt “white crown.”,
S3,𓋔,Red crown of Lower Egypt,Phono. n. Det. or Ideo in dšrt “Red Crown.”,
S4,𓋕,Combination of S3 + V30,Use as S3.,
S5,𓋖,Combination of red and white crown,Det. or Ideo. in sḫmty “double crown.”,
S6,𓋗,Combination of S5 + V30,Use as S5.,
S7,𓋙,Blue Crown,Det. or Ideo. in ḫprš “blue crown.”,
S8,𓋚,Atef crown,Det. or Ideo. in 3tf “atef crown.”,
S9,𓋛,Double plumes,Det. or Ideo. in šwty “double plumes.”,
S10,𓋜,Headband,Phono mḏḥ. In mḏḥ “fillet.”,
S11,𓋝,Collar,"Phono. wsḫ. In wsḫ “collar,” swsḫ “widen.”",
S12,𓋞,Collar of beads,"Det. or Ideo. in nbw “gold,” ḥḏ “silver.”",
S13,𓋟,Combination of S12 + D58,Phono. nb.,
S14,𓋠,Combination of S12 + T3,Ideo. in ḥḏ “silver.”,
S14a,𓋡,Combination of S12 + S40,Ideo. in ḏʿm “electrum.”,
S15,𓋣,Faience pectoral,"Det. or Ideo. in ṯḥn “sparkle,” ṯḥnt “faience.”",
S16,𓋤,Var. of S15,Use as S15.,
S17,𓋥,Var of S15,Use as S15,
S18,𓋧,Bead necklace,Det. or Ideo. in mnit “bead necklace.”,
S19,𓋨,Necklace and cylinder seal,"Ideo. in sḏ3wty “treasurer,” sḏ3w “precious.” Det. or Ideo. in ḫtm “seal.”",
S20,𓋩,Necklace and cylinder seal,Ideo. in ḫtm “seal.”,
S21,𓋪,Ring,"Det. in iwʿw, ʿʿw, sšw “ring.”",
S22,𓋫,Shoulder knot,Phono. sṯ. Det. or Ideo. in t3-wr “port.”,
S23,𓋬,Knotted cloth,Phono dmḏ. In dmḏ “unite.”,
S24,𓋭,Knotted belt,"Phono. ṯs. In ṯs “tie, bind.”",
S25,𓋮,Garment with ties,Ideo. in iʿ3w “guide.”,
S26,𓋯,Apron,Det. or Ideo. in šndyt “apron.”,
S27,𓋲,Horizontal strips of cloth,Det. or Ideo. in mnḫt “clothing.”,
S28,𓋳,Cloth with fringe + S29,"Det. in ḥbs “clothing,” ḥ3p “conceal,” kfi “uncover.”",
S29,𓋴,Folded cloth,"Phono. s. In ʿnḫ.(w) (w)ḏ3 snb “may he live, be prosperous, be healthy.” (L.P.H.)",TRUE
S30,𓋵,Combination of S29 + I9,Phono. sf. In sf “yesterday.”,
S31,𓋶,Combination of S29 + U1,Phono. sm3. In sm3 “fighting bull.”,
S32,𓋷,Cloth iwht fringe,Phono. si3. In si3t “fringed cloth.”,
S33,𓋸,Sandal,"Ideo. in ṯbt “sandal,” ṯbw “sandal maker.”",
S34,𓋹,Sandal strap,"Phono. ʿnḫ. In ʿnḫ “live,” ʿnḫ “sandal strap.”",
S35,𓋺,Sunshade,"Ideo. in šwt “shadow, shade.”",
S36,𓋼,Var. of S35,Use as S35,
S37,𓋽,Fan,Det. or Ideo. in ḫw “fan.”,
S38,𓋾,Crook,"Phono. ḥq3. In ḥq3 “rule,” ḥq3t “scepter.”",
S39,𓋿,Crook,Phono ʿwt. In ʿwt “flock.”,
S40,𓌀,Scepter with Seth animal,"Phono. w3s. In w3s “w3s-scepter.” Ideo. in i3tt “milk, cream.”",
S41,𓌁,Scepter with spiral shaft and Seth animal,Phono. ḏʿm. In ḏʿm “fine gold.”,
S42,𓌂,Scepter,"Phono. sḫm. In sḫm “have power,” sḫm “scepter.” Det. or Ideo. in ḫrp “manage, at head.”",
S43,𓌃,Staff,Phono. md. In mdw “speak.”,
S44,𓌄,Staff with flail,Det. or Ideo. in 3ms “staff.”,
S45,𓌅,Flail,Det. or Ideo. in nḫ3ḫ3w “flail.”,
T1,𓌇,Angular headed mace,Phono. mn. In mnw “mace.”,
T2,𓌈,T3 tilted,"Det. in sqr, sqri “smite.”",
T3,𓌉,Pear shaped mace,"Phono. ḥḏ. In ḥḏ “mace,” ḥḏ “white, bright,” ḥḏi “damage.”",
T4,𓌋,Var of T3,Use as T3,
T5,𓌌,Combination of T3 + I10,Phono. ḥḏ.,
T6,𓌍,Combination of T5 + extra I10,Phono. ḥḏḏ.,
T7,𓌎,Axe,"Det. in mibt, minb “axe,” mdḥ “hew.”",
T7a,𓌏,Axe,Det. of 3qḥw “axe.”,
T8,𓌐,Dagger,"Phono. tp. In tpy “first, chief, upon.”",
T8a,𓌑,Dagger,Det. in b3gsw “dagger.”,
T9,𓌒,Bow,"Phono. pd/pḏ, in pd “stretch,” pḏt “bow.”",
T9a,𓌓,Var of T9,Use as T9,
T10,𓌔,Composite bow,Use as T9,
T11,𓌕,Arrow,"Phono. swn. In swn “perish,” swnt “physician.”",
T12,𓌗,Bowstring,"Phono. rwd/rwḏ. In rwd “hard, firm.” Ideo. in d3r “subdue.”",
T13,𓌘,Wood tied together,Phono. rs. In rs “wakeful.”,
T14,𓌙,Throw stick,"Det. of “foreign.” Ideo. in ʿ3m “Asiatics,” ṯḥnw “Libya.” Det. in qm3 “create,” qm3i “create.”",
T15,𓌚,Var. of T14,Use as T14,
T16,𓌛,Scimitar,Det. in ḫpš “scimitar.”,
T17,𓌝,Chariot,Det. or Ideo. in wrrt “chariot.”,
T18,𓌞,Crook with package,"Phono. šms. In šms “follow, accompany.”",
T19,𓌟,Bone harpoon head,"Phono. qs. In qs “annoy,” qrs “bury.” Det. in twr “pure.”",
T20,𓌠,Var. of T19,Use as T19,
T21,𓌡,Harpoon,Phono. in wʿ. In wʿ “one.”,
T22,𓌢,Arrowhead,"Phono. sn. In sn “brother,” sn “smell.”",
T23,𓌣,Var. of T22,Use as T22,
T24,𓌤,Fishing net,Phono. ʿḥ/iḥ . In iḥ “net.”,
T25,𓌥,Reed Float,"Phono. db3/ḏb3. In ḏb3 “adorn,” db3 “replace.”",
T26,𓌦,Bird Trap,"Det. or Ideo. in sḫt “trap, snare.”",
T27,𓌧,Var. of T26,Use as T26,
T28,𓌨,Butcher’s block,"Phono. ẖr. In ẖr “under,” ẖrt “portion.”",
T29,𓌩,Combination of T28 + T30,Ideo. in nmt “place of slaughter.”,
T30,𓌪,Knife,Ideo. for dmt “knife.” Det. in dm “be sharp.”,
T31,𓌫,Knife sharpener,"Phono sšm. In sšm “guide, lead.”",
T32,𓌬,Combination of T31 + D54,"Phono sšm. In sšm “guide, lead.”",
T33,𓌮,Butcher’s knife sharpener,Ideo. in sšm “butcher.”,
T34,𓌰,Butcher’s knife,"Phono. nm. In nm “knife,” ḫnms “friend.”",
T35,𓌱,Var. of T34,Use as T34,
U1,𓌳,Sickle,"Phono. m3. In m33 “see,” 3sḫ “reap.”",
U2,𓌴,Var. of U1,Use as U1.,
U3,𓌵,Combination of U1 + D4,Phono. m3. In m33 “see.”,
U4,𓌶,Combination of U1 + Aa11,Phono. m3ʿ. In m3ʿ “true.”,
U5,𓌷,Var. of U4,Use as U4.,
U6,𓌸,Hoe,Phono. mr. In mri “love.”,
U7,𓌻,Var. of U6,Use as U6.,
U8,𓌼,Hoe,Phono. ḥn. In ḥn “hoe.”,
U9,𓌽,Grain measure with grain streaming outwards,"Det. in bdt “emmer,” ḫ3i “measure,” ḥq3t “hekat measure.”",
U10,𓌾,Combination of U9 + M33,Ideo. in it “barley.”,
U11,𓌿,Combination of S38 + U9,Ideo. in ḥq3t “hekat measure.”,
U12,𓍀,Combination of D50 + U9,Ideo. in ḥq3t “hekat measure.”,
U13,𓍁,Plow,Phono. šnʿ. In šnʿ “repel.” Phono hb. In hb “plow.”,
U14,𓍂,Two branches joined,Phono. šnʿ. In šnʿ “repel.”,
U15,𓍃,Sled,"Phono. tm. In tm “be complete,” ḥtm “perish.”",
U16,𓍄,Sled with jackal head bearing a load,Det. in bi3 “wonder.”,
U17,𓍅,Pick with pool,"Phono. grg. In grg “establish, snare,” grg “falshood, lie.”",
U18,𓍆,Var. U17,Use as U17.,
U19,𓍇,Adze,Phono. nw. In nw “this.”,
U20,𓍈,Var. of U19,Use as U19,
U21,𓍉,Adze with wood block,Phono. stp/sṯp. In stp “choose.”,
U22,𓍊,Chisel,"Det. in mnḫ “efficient,” mnḫ “carve.”",
U23,𓍋,Chisel,"Phono. mr. In mr “ill,” smr “friend.” Phono. 3b. In 3bi “desire.”",
U24,𓍍,Drill for stone,"Ideo. in ḥmt “craft, art.”",
U25,𓍎,Var. of U24,Use as U24.,
U26,𓍏,Drill for beads,Ideo. in wb3 “open.”,
U27,𓍐,Var. of U26,Use as U26.,
U28,𓍑,Fire drill,"Phono. ḏ3. In ʿnḫ.(w) (w)ḏ3 snb “may he live, be prosperous, be healthy.” (L.P.H.)",
U29,𓍒,Var. of U28,Use as U28.,
U30,𓍔,Kiln,"Phono. t3. In št3 “hot,” t3 “mysterious.",
U31,𓍕,Baker’s rake,"Det. or Ideo. in rtḥty “baker,” rtḥ “restrain.”",
U32,𓍖,Mortar and pestle,"Det. in smn “press down,” smn “establish.”",
U33,𓍘,Pestle,Phono. ti.,
U34,𓍙,Spindle,Phono. ḫsf. In ḫsf “repel.”,
U35,𓍚,Combination of U34 + I9,Phono. ḫsf.,
U36,𓍛,Club used in washing,"Phono. ḥm. In ḥm “slave,” ḥm “Majesty.”",
U37,𓍜,Razor,Det. in ẖʿq “shave.”,
U38,𓍝,Scale,Det. or Ideo. in mḫ3t “scale.”,
U39,𓍞,Scale post,"Det. in wsṯt “post,” wṯs, ṯsi “raise, lift.”",
U40,𓍟,Var. of U39,Use as U39,
U41,𓍠,Plumb bob,Det. in tḫ “plumb bob.”,
V1,𓍢,Rope coil,"Phono. šn. In šnt “dispute,” šni “litigate,” št “hundred.”",
V2,𓍬,Combination of V1 + O34,Det. in st3 “drag.” Ideo. in sṯ3t “aurora.”,
V3,𓍮,"Same as V2, but with two additional coils",Ideo. in r-sṯ3w “necropolis.”,
V4,𓍯,Lasso,Phono. w3. In w3ḥ “endure.”,
V5,𓍰,Looped rope,Det. or Ideo. in snṯ “plot.”,
V6,𓍱,Cord with loop facing downwards,"Phono. šs, šsr.",
V7,𓍲,Cord with loop facing upwards,Phono. šn.,
V8,𓍴,Var. of V7,Use as V7,
V9,𓍶,Round cartouche,Det. in šnw “cartouche.”,
V10,𓍷,Oval cartouche,"Det. in šnw “cartouche,” rn “name.",
V11,𓍸,End of cartouche,"Det. in dni “restrain, dam,” pḫ3 “split.",
V12,𓍼,String,"Det. in sšd “headband,” fḫ “loosen,” fḫnw “Phoenicians.",
V13,𓍿,Tethering rope,Phono. ṯ.,TRUE
V14,𓎀,Var. of V13,Use as last.,
V15,𓎁,Combination of V13 and D54,Phono. iṯ. In iṯi “seize.”,
V16,𓎂,Hobble for cattle,Phono. s3. In s3 “protection.”,
V17,𓎃,Herdsman’s shelter,Ideo. in s3 “protection.”,
V18,𓎄,Var. of V17,Use as V17,
V19,𓎅,Hobble for cattle,"Det. in mḏt “stable,” k3r “shrine,” tm3 “mat.”",
V20,𓎆,Hobble for cattle sans crossbar,"Phono. mḏ. In mḏwt “stables,” mḏ “10.”",
V21,𓎓,Combination of V20 + I10,Phono. mḏ.,
V22,𓎔,Whip,Phono. mḥ. In mḥ “fill.”,
V23,𓎕,Var. of V22,Use as V22.,
V24,𓎗,Cord on Stick,"Phono. wḏ. In wḏ “command, decree.”",
V25,𓎘,Var. of V24,Use as V24,
V26,𓎙,Spool with thread,Phono. ʿd/ʿḏ. In ʿd “good condition.”,
V27,𓎚,Var. of V26,Use as V26.,
V28,𓎛,Wick,Phono. ḥ.,TRUE
V29,𓎝,Swab,"Phono. w3ḥ, sk.",
V30,𓎟,Basket,"Phono. nb. In nb “lord,” nb “every, all.”",
V31,𓎡,Basket with handle,Phono k.,TRUE
V31a,𓎢,V31 reversed,Use as V31.,
V32,𓎣,Wicker satchel,"Phono. msn. In msn “Mesen.” Det. in g3wt “bundles,” g3w “absence, lack.”",
V33,𓎤,Linen bag,Det. in šsr “linen.”,
V34,𓎥,Var. of V33,Use as V33.,
V35,𓎧,Var. of V33,Use as V33.,
V36,𓎨,Receptacle,Phono. ḥn. In ḥnt “occupation.”,
V37,𓎩,Bandage,"Det. or Ideo. in idr “bandage, bind,” idr “herd.”",
V38,𓎫,Bandage,Det. in wt “bandage.”,
V39,𓎬,Tie,Ideo. in tit “Isis knot.”,
W1,𓎯,Oil jar,"Det. in mḏt “ointment,” mrḥt “oil.”",
W2,𓎰,Oil jar without ties,"Phono. b3s. In b3stt “Bastet,” b3s “oil jar.”",
W3,𓎱,Alabaster basin,"Det. or Ideo. in ḥb “feast,” ḥb “mourn.”",
W4,𓎳,Combination of W3 + O22,"Det. or Ideo. in ḥb “feast,” tp-rnpt “feat of the first of the year.”",
W5,𓎴,Combination of W3 + T28,Ideo in ẖry-ḥbt “lector priest.”,
W6,𓎵,Vessel,Det. in wḥt “cauldron.”,
W7,𓎶,Granite bowl,"Det. in 3bt “family,” m3ṯ “proclaim.”",
W8,𓎷,Var. of W7,Use as W7.,
W9,𓎸,Stone jug,Phono. ẖnm.,
W10,𓎺,Cup,Phono. ḥnw. In ḥnwt “mistress.” Det. or Ideo. in wsḫ “wide.”,
W10a,𓎻,Pot,Phono. b3.,
W11,𓎼,Ring stand,Phono. g. Det. or Ideo. in nst “throne.”,
W12,𓎽,Ring stand,Use as W11.,
W13,𓎾,Pot,Det. or Ideo. in dšrt “red pot.”,
W14,𓎿,Tall jar,Phono. ḥs. In ḥst “water jar.”,
W15,𓏁,Tall jar with water,"Det. or Ideo. in qbb, qbḥ “cool, water.”",
W16,𓏂,Combination of W15 + W12,Use as W15.,
W17,𓏃,Tall jars in rack.,Phono. ḫnt. In ḫntw “jar rack.”,
W18,𓏅,Var. W17,Use as W17,
W19,𓏇,Milk jug,Phono. mi. In mi “likeness.”,
W20,𓏈,Milk jug with leaf,Det. in irtt “milk.”,
W21,𓏉,Wine jars,Det. in irp “wine.”,
W22,𓏊,Beer jugs,Ideo. in ḥnqt “beer.” Det. in qrḥt “vessel.”,
W23,𓏋,Jug with handles,Use as W22.,
W24,𓏌,Bowl,"Phono. nw, in, ink.",
W25,𓏎,Combination of W24 + legs,"Phono. in. In ini “fetch, bring.”",
X1,𓏏,Small bread loaf,Phono. t. Ideo. in t “bread.”,TRUE
X2,𓏐,Tall bread loaf,Det. of bread. In t “bread.” Ideo. in dḥwty “Thoth.”,
X3,𓏑,Var. of X2,Use as X2,
X4,𓏒,Bread roll,"Det. in sni “pass by,” fq3 “cake.”",
X5,𓏕,Var. of X4,Det. in ʿqw “provisions.”,
X6,𓏖,Round loaf with baker’s mark,Det. in p3t “loaf.”,
X7,𓏘,Half loaf of bread,"Det. in snw “offerings.” When doubled, wnm “eat.”",
X8,𓏙,Conical Loaf,Phono. di. In rdi “give.”,
Y1,𓏛,Papyrus scroll,"Phono. mḏ3t. Ideo. in mḏ3t “paypyrus roll, book.” Det. in rḫ “know.”",TRUE
Y1v,𓏜,Papyrus scroll (vertical),Use as Y1,
Y2,𓏝,Var. of Y1,Use as Y1,
Y3,𓏞,Scribal kit,"Det. or Ideo. in sš “write,” nʿʿ “smooth.”",
Y4,𓏟,Y4 reversed,Use as Y3,
Y5,𓏠,Game board,Phono. mn. In imn “Amun” mn “remain.”,
Y6,𓏡,Game piece,"Det. or Ideo. in ib3 “game piece,” “dance.”",
Y7,𓏢,Harp,Det. in bnt “harp.”,
Y8,𓏣,Sistrum,Det. in sššt “sistrum.”,
Z1,𓏤,Stroke,Follows Ideograms. Det. wʿ “one.” Ideo. numerals 1-9.,
Z2,𓏥,Triple stroke,Det. of plurality.,
Z3,𓏪,Three Z1 vertical strokes,Same as Z2.,
Z3a,𓏫,Z2 vertical,Same as Z2.,
Z4,𓏭,Two diagonal strokes,Det. Duality,
Z4a,𓏮,Two vertical strokes,Det. Duality.,
Z5,𓏯,Diagonal stroke in hieratic,"Replacement for complex or dangerous signs, human figures.",
Z6,𓏱,Hieratic var. of A13 and A14,Det. in m(w)t “die”,
Z7,𓏲,From hieratic var. of G43.,Phono. w.,
Z8,𓏳,Oval,Det. of round.,
Z9,𓏴,Crossed sticks,Phono. sw3. In sw3 “pass.”,
Z10,𓏵,Var. of Z9,Use as Z9.,
Z11,𓏶,Crossed planks,Phono. im. In imy “who is in.”,
Aa1,𓐍,Placenta?,Phono. ḫ.,TRUE
Aa2,𓐎,Pustule or gland?,Det. in bodily growths or conditions.,
Aa3,𓐏,Aa2 with substance issuing,Use as Aa2.,
Aa4,𓐐,Pot,Var. of W10a.,
Aa5,𓐑,Part of ship?,Phono. ḥp.,
Aa6,𓐒,Unknown,Det. in tm3 “mat.”,
Aa7,𓐓,Unknown,Det. in sqr “smite.”,
Aa8,𓐖,Irrigation canal?,Phono. qn. In qn “complete.”,
Aa9,𓐗,Unknown,Det. in ḫwd “rich.”,
Aa10,𓐘,Unknown,Det. in drf “writing.”,
Aa11,𓐙,Unknown,Phono. m3ʿ.,
Aa12,𓐚,Unknown,Use as Aa11.,
Aa13,𓐛,Unknown,"Phono. im, m.",
Aa14,𓐜,Unknown,"Phono. im, m.",
Aa15,𓐝,Var. Aa13,"Phono. im, m.",
Aa16,𓐞,Short form Aa13,"Phono. gs. In gs “side, half.”",
Aa17,𓐟,Back of something?,Phono. s3. In s3 “back.”,
Aa18,𓐠,Var. of Aa17,Use as Aa17,
Aa19,𓐡,Unknown,"Det. in ḥr “prepare,” ḥryt “dread.”",
Aa20,𓐢,Unknown,Phono. ʿpr. In ʿpr “equip.”,
Aa21,𓐣,Unknown,Phono. wḏʿ. In wḏʿ “judge.”,
Aa22,𓐤,Combination of Aa21 + D36,Use as Aa21.,
Aa23,𓐥,Warp between stakes?,"Det. in mḏd “puncture, press, adhere.”",
Aa24,𓐦,Var. Aa23,Use as Aa23.,
Aa25,𓐧,Unknown,Ideo. in sm3 “stolist” (priestly title).,
Aa26,𓐨,Unknown,Det. in sbi “rebel.”,
Aa27,𓐩,Unknown,"Phono. nḏ. In nḏ “ask, inquire.”",
Aa28,𓐪,Builder’s tool?,Phono. qd. In qd “build.”,
Aa29,𓐫,Var. of Aa28,Use as Aa28.,
Aa30,𓐬,Frieze element?,Det. in ẖqr “adorn.”,
Aa31,𓐭,Var. of Aa30,Use as Aa30.,
D36,𓂝,Forearm,"Phonogram ʽ (ayin); ideogram/det. for the forearm and its actions (give, offer).",
